movie_name,message_id,channel_id
Bhabhiji Ghar Par Hain Fun On The Run (2026),319,-1003181705395
Bhabiji Ghar Par Hain: Fun on the Run (2026),318,-1003181705395
Bhabhiji Ghar Par Hain Fun On The Run 2026,317,-1003181705395
Bhabhiji Ghar Par Hain Fun On The Run 2026,316,-1003181705395
Bhabhiji Ghar Par Hain Fun On The Run 2026,315,-1003181705395
Bhabhiji Ghar Par Hain Fun On The Run 2026,314,-1003181705395
Bhabhiji Ghar Par Hain Fun On The Run (2026),313,-1003181705395
Bhabhiji Ghar Par Hain Fun On The Run 2026,312,-1003181705395
Bhabhiji Ghar Par Hain Fun On The Run 2026,311,-1003181705395
Border 2 2026,309,-1003181705395
Border 2 (2026),308,-1003181705395
Border 2 2026,307,-1003181705395
Border 2 2026,306,-1003181705395
Border 2 2026,305,-1003181705395
Border 2 2026,304,-1003181705395
Border 2 2026,303,-1003181705395
Border 2 2026,302,-1003181705395
Border 2 2026,301,-1003181705395
Border 2 2026,300,-1003181705395
Border 2 2026,299,-1003181705395
Border 2 (2026),298,-1003181705395
Border 2 2026,297,-1003181705395
Border 2 2026,296,-1003181705395
Border 2 2026,295,-1003181705395
Border 1997,294,-1003181705395
Border (1997),293,-1003181705395
Border 1997,292,-1003181705395
Border 1997,291,-1003181705395
Border 1997 WebRip Hindi AAC 2.0 x264 ESub,290,-1003181705395
Border 1997 Hindi WEB-DL 2.0 ESub x264,289,-1003181705395
Border (1997) Bollywood Hindi Movie HD ESub,288,-1003181705395
Border 1997 HEVC Hindi WEB-DL ESub x265,287,-1003181705395
Border (1997) Bollywood Hindi Movie HEVC ESub,286,-1003181705395
Border 1997 Hindi WEB-DL ESub x264,285,-1003181705395
Border (1997) Bollywood Hindi Movie HEVC ESub,284,-1003181705395
Now You See Me Now You Dont 2025 BluRay [Hindi OR English] D,283,-1003181705395
Now You See Me Now You Dont 2025 BluRay Hindi 5.1 OR English,282,-1003181705395
Now You See Me Now You Dont (2025) (Hindi DD5.1-22 bps OR En,281,-1003181705395
Now You See Me Now You Dont 2025 10Bit BluRay Hindi 5.1 OR E,280,-1003181705395
Now You See Me Now You Dont (2025) BluRay Hindi OR English D,279,-1003181705395
Now You See Me Now You Dont 2025 BluRay Hindi 5.1 English 5.,278,-1003181705395
Now You See Me Now You Dont 2025 BluRay x264 Dual Audio Hind,277,-1003181705395
Now You See Me Now You Dont 2025 10Bit BluRay Hindi 5.1 OR E,276,-1003181705395
Now You See Me Now You Dont (2025) Hindi OR English Dual Aud,275,-1003181705395
Now You See Me Now You Dont (2025) Hindi OR English Dual Aud,274,-1003181705395
Now You See Me Now You Dont 2025 BluRay x264 Dual Audio Hind,273,-1003181705395
Now You See Me 2 2016 BluRay Hindi OR English DD 5.1 x264 ES,272,-1003181705395
Now You See Me 2 2016 Hindi OR English ESub 10Bit HEVC,271,-1003181705395
Now You See Me 2 2016 BluRay Hindi 5.1 English 5.1 ESub x264,270,-1003181705395
Now You See Me 2 2016 10Bit BluRay Hindi 5.1 English 5.1 HEV,269,-1003181705395
Now You See Me 2 2016 10bit BluRay x265 HEVC Org Hindi DD,268,-1003181705395
Now You See Me 2 2016 BluRay Hindi OR English AAC 5 1 x264 E,267,-1003181705395
Now You See Me 2 2016 BluRay Hindi.5.1 English.5.1 ESub x264,266,-1003181705395
Now You See Me 2 2016 Hindi OR English,265,-1003181705395
Now You See Me 2 2016 10Bit BluRay Hindi.5.1 English HEVC x2,264,-1003181705395
Now You See Me 2016 Hindi OR English,263,-1003181705395
Now You See Me 2 2016 BluRay Hindi English ESub,262,-1003181705395
Now You See Me Extended 2013 Bluray Hindi OR English Esubs,261,-1003181705395
Now You See Me 2013 EXTENDED BluRay Hindi.5.1 English.5.1 ES,260,-1003181705395
Now You See Me 2013 EXTENDED 10Bit BluRay Hindi.5.1 English.,259,-1003181705395
Now You See Me 2013 Blu Ray DUAL x264 AAC ESub,258,-1003181705395
Now You See Me 2013 EXTENDED BluRay Hindi.5.1 OR English.5.1,257,-1003181705395
Now You See Me (2013) Hindi OR English Dual Audio Hollywood ,256,-1003181705395
Now You See Me 2013 EXTENDED 10Bit BluRay Hindi 5.1 English ,255,-1003181705395
Now You See Me (2013) Hindi OR English Dual Audio Hollywood ,254,-1003181705395
Now You See Me 2013 Blu Ray DUAL x264 AAC ESub,253,-1003181705395
Now You See Me (2013) Hindi OR English Dual Audio Hollywood ,252,-1003181705395
Squid Game 2021 WEBRip S01 Complete NF Series Dual Audio Hin,251,-1003181705395
Squid Game S01 COMBINED 10bit WEBRip x265 HEVC Org NF Hindi,250,-1003181705395
Squid Game 2021 WEBRip S01 Complete NF Series Dual Audio Hin,249,-1003181705395
Bhaag Milkha Bhaag (2013) 10bit BluRay x265 Hindi,248,-1003181705395
Bhaag Milkha Bhaag 2013 Hindi BluRay x264 AAC 5 1 ES,247,-1003181705395
Bhaag Milkha Bhaag 2013 Hindi 10bit BluRay 2CH x265 HEVC,246,-1003181705395
Bhaag Milkha Bhaag 2013 Hindi BluRay x264 AAC 5 1 ESu,245,-1003181705395
Bhaag Milkha Bhaag 2013 Hindi HEVC BluRay x265 AAC ES,244,-1003181705395
Bhaag Milkha Bhaag 2013 Hindi BluRay x264 AAC ESubs,243,-1003181705395
Bhaag Milkha Bhaag 2013 BluRay Hindi ESub,242,-1003181705395
Demonte Colony 2 2024 WEB-DL Hindi- Tamil x264 AAC 5 1,241,-1003181705395
Demonte Colony 2 2024 WebRip Hindi DD 5 1 x264,240,-1003181705395
Demonte Colony 2 2024 Hindi AMZN WEBRip 10bit x265,239,-1003181705395
Demonte Colony 2 2024 AMZN WEB DL DDP5 1 H 265,238,-1003181705395
Demonte Colony 2 2024 AMZN WEB DL DDP5 1 H 264 Movi,237,-1003181705395
Demonte Colony 2 2024 AMZN WEB DL H 265 Hindi D,236,-1003181705395
Demonte Colony 2 2024 WEB-DL Hindi- Tamil x264 AAC 5 1,235,-1003181705395
Demonte Colony 2 2024 WebRip Hindi AAC 5 1 x264,234,-1003181705395
Demonte Colony 2 2024 AMZN WEB DL AAC2 0 H 265,233,-1003181705395
Demonte Colony 2 2024 Hindi AMZN WEBRip 10bit x265,232,-1003181705395
Demonte Colony 2 2024 HEVC WEB-DL Hindi- Tamil x265 AAC,231,-1003181705395
Demonte Colony 2 2024 WEB-DL Hindi- Tamil x264 AAC ESub,230,-1003181705395
Demonte Colony 2 2024 405p AMZN WEB DL AAC2 0 H 264,229,-1003181705395
Demonte Colony 2 2024 WebRip x265 HEVC 10bit Hi,228,-1003181705395
Demonte Colony 2015 HQ AMZN WEB DL x265 HEVC Org YT,227,-1003181705395
Demonte Colony 2015 10bit AMZN WEBRip Hindi YT DDP2,226,-1003181705395
Demonte Colony (2015) UNCUT HDRip ORG [Hindi + Tam,225,-1003181705395
Demonte Colony 2015 AMZN WEB DL x265 HEVC Org YT Hi,224,-1003181705395
Demonte Colony (2015) UNCUT HDRip ORG [Hindi + Tami,223,-1003181705395
Demonte Colony 2015 10bit AMZN WEBRip Hindi YT DDP2,222,-1003181705395
Demonte Colony (2015) UNCUT HEVC HDRip ORG [Hindi +,221,-1003181705395
"Demonte Colony (2015) UNCUT HDRip ORG [Hindi + Tami,Mkv",220,-1003181705395
Sarzameen 2025 JSTAR WEB DL DDP5 1 Atmos H 265,219,-1003181705395
Sarzameen 2025 JSTAR WEB DL DDP5 1 Atmos H 264,218,-1003181705395
Sarzameen 2025 Hindi JSTAR WEB DL,217,-1003181705395
Sarzameen 2025 DS WEB DL Hindi x264 AAC 5 1,216,-1003181705395
Sarzameen 2025 10bit DS HS WEBRip Hindi DDP5 1 Atmos,215,-1003181705395
Sarzameen 2025 JHS WEB DL DDP5 1 H265,214,-1003181705395
Sarzameen 2025 JSTAR WEB DL DDP5 1 Atmos H 264,213,-1003181705395
Sarzameen 2025 Hindi JSTAR WEB DL,212,-1003181705395
Sarzameen 2025 DS WEB DL Hindi x264 AAC 5 1 ESub,211,-1003181705395
Sarzameen 2025 10bit DS HS WEBRip Hindi DDP5 1 x265 H,210,-1003181705395
Sarzameen 2025 JHS WEB DL AAC2 0 H 265,209,-1003181705395
Sarzameen 2025 JHS WEB DL AAC2 0 H 264,208,-1003181705395
Sarzameen 2025 DS WEB DL Hindi x264 AAC 2 0 ESub,207,-1003181705395
Sarzameen 2025 Hindi JSTAR WEB DL,206,-1003181705395
Odela 2 2025 Dual Audio Hindi ORG Telugu AMZN WE,205,-1003181705395
Odela 2 2025 DS SDR 10bit AMZN WEBRip AV1 HIN TEL,204,-1003181705395
Odela 2 2025 WebRip Hindi Telugu DD 5 1 x264 E,203,-1003181705395
Odela 2 2025 WEB DL Hindi 5 1 Telugu 5 1 ESub,202,-1003181705395
Odela 2 (2025) (Hindi + Telugu) Dual Audio UnCut S,201,-1003181705395
Odela 2 2025 Hindi AMZN WEB DL HD,200,-1003181705395
Odela 2 2025 HEVC WEB DL Hindi 5 1 Telugu 5 1,199,-1003181705395
Odela 2 2025 WebRip Hindi Telugu AAC 5 1 x264 E,198,-1003181705395
Odela 2 2025 AMZN WEB DL DUAL DDP5 1 H 265,197,-1003181705395
Odela 2 (2025) (Hindi + Telugu) Dual Audio UnCut So,196,-1003181705395
Odela 2 2025 HEVC WEB DL Hindi 5 1 Telugu ESub,195,-1003181705395
Odela 2 (2025) (Hindi + Telugu) HEVC Dual Audio UnC,194,-1003181705395
Odela 2 2025 Dual Audio Hindi ORG Telugu AMZN WE,193,-1003181705395
Odela 2 2025 DL Hindi Telugu ESub x264 HD,192,-1003181705395
Odela 2 (2025) (Hindi + Telugu) Dual Audio UnCut So mkv,191,-1003181705395
Odela 2 2025 WebRip x265 HEVC 10bit Hindi Telug,190,-1003181705395
Odela Railway Station (2022) (Hindi + Telugu) Dual Aud,189,-1003181705395
Odela Railway Station 2022 UNCUT DL Hindi,188,-1003181705395
Odela Railway Station 2022 Rip UNCUT Hindi mkv,187,-1003181705395
Odela Railway Station 2022 UNCUT HEVC DL H mkv,186,-1003181705395
Odela Railway Station 2022 UNCUT DL Hindi 2,185,-1003181705395
Odela Railway Station (2022) (Hindi + Telugu) Dual Audi,184,-1003181705395
Odela Railway Station (2022) (Hindi + Telugu) HEVC Dual,183,-1003181705395
Odela Railway Station (2022) (Hindi + Telugu) Dual Audi,182,-1003181705395
Odela Railway Station 2022 Rip UNCUT x265 HE,181,-1003181705395
IT Welcome to Derry 2025 S01 COMBINED Hindi English,180,-1003181705395
IT Welcome to Derry S01 JHS WEB DL DUAL AAC2 0 H 26,179,-1003181705395
IT Welcome to Derry S01 JHS WEB DL DUAL AAC2 0 H 26,178,-1003181705395
Ace 2025 10bit DS AMZN WEBRip Hindi Tamil DDP5 1 x265 HEVC,177,-1003181705395
Ace (2025) Hindi Tamil Dual Audio ORG Full Movie H,176,-1003181705395
Ace 2025 AMZN DL DDP5 1 H 264,175,-1003181705395
Ace 2025 Rip Hindi Tamil AAC 5 1 x264 ESub,174,-1003181705395
Ace (2025) Hindi Tamil Dual Audio ORG Full Movie HD,173,-1003181705395
Ace 2025 AMZN DL AAC2 0 H 265,172,-1003181705395
Ace (2025) HEVC Hindi Tamil Dual Audio ORG Full Movie H,171,-1003181705395
Ace (2025) Hindi Tamil Dual Audio ORG Full Movie HD,170,-1003181705395
Ace 2025 Rip x265 HEVC 10bit Hindi Tamil ESu,169,-1003181705395
Chathuram (2022) UPLAY HDRip ORG Hindi AAC 2 0 x264,168,-1003181705395
Chathuram 2022 Hindi UltraPlay DL,167,-1003181705395
Chathuram (2022) UPLAY HDRip ORG Hindi AAC 2 0 x264,166,-1003181705395
Chathuram 2022 Hindi UltraPlay DL,165,-1003181705395
Chathuram (2022) HEVC UPLAY HDRip ORG Hindi AAC 2 0 x26,164,-1003181705395
Chathuram 2022 Hindi UltraPlay DL,163,-1003181705395
Chathuram (2022) UPLAY HDRip ORG Hindi AAC 2 0 x264 mkv,162,-1003181705395
Thug Life 2025 DL Hindi 5 1 Tamil 5 1 ESub,161,-1003181705395
Thug Life 2025 NF DL DDP5 1 Aos H 264 Ex,160,-1003181705395
Thug Life 2025 10Bit HEVC DL Hindi 5 1 Tam,159,-1003181705395
Thug Life 2025 HEVC DL Hindi 5 1 Tamil 5 1,158,-1003181705395
Thug Life 2025 NF WEB DL DUAL AAC5 1 AV1,157,-1003181705395
Thug Life 2025 NF WEB DL DUAL AAC5 1,156,-1003181705395
Thug Life 2025 DL Hindi 5 1 Tamil 5 1 ESub,155,-1003181705395
Thug Life 2025 10Bit HEVC DL Hindi 5 1 Tami,154,-1003181705395
Thug Life 2025 HEVC DL Hindi Tamil ESub x26,153,-1003181705395
Thug Life 2025 NF WEB DL DUAL AAC5 1 AV1,152,-1003181705395
Thug Life 2025 DL Hindi Tamil ESub x264,151,-1003181705395
Robinhood 2025 UNCUT HDRip x264 ESubs Dual Audio,150,-1003181705395
Robinhood 2025 UNCUT 10 Bit HEVC HDRip x265 ESubs D,149,-1003181705395
Robinhood (2025) 10-Bit HEVC HDRip x265 ESubs [Dual Audio] [,148,-1003181705395
Robinhood 2025 UNCUT HDRip x264 ESubs Dual Audio A,147,-1003181705395
Robinhood (2025) 10-Bit HEVC HDRip x265 ESubs [Dual Audio] [,146,-1003181705395
Robinhood 2025 UNCUT HEVC HDRip x265 ESubs Dual Audi,145,-1003181705395
Robinhood 2025 UNCUT HDRip x264 ESubs Dual Audio A,144,-1003181705395
Robinhood (2025) HDRip x264 ESubs [Dual Audio] [Hindi ORG - ,143,-1003181705395
Moonwalk 2025 DS JHS WEBRip 10bit Multi4 DDP5 1 x2,142,-1003181705395
Moonwalk 2025 JHS WEB DL MULTI DDP5 1 ESub x26,141,-1003181705395
Moonwalk 2025 JHS WEB DL DDP5 1 H 264,140,-1003181705395
Moonwalk 2025 Hindi JSTAR WEB DL,139,-1003181705395
Moonwalk 2025 DS WEB DL Hindi 5 1 Malayalam,138,-1003181705395
Moonwalk 2025 JHS WEB DL DDP5 1 H 265,137,-1003181705395
Moonwalk 2025 10Bit DS WEB DL Hindi 5 1 Mala,136,-1003181705395
Moonwalk 2025 JHS WEB DL DDP5 1 H 264,135,-1003181705395
Moonwalk 2025 Hindi JSTAR WEB DL,134,-1003181705395
Moonwalk 2025 DS WEB DL Hindi 5 1 Malayalam 5,133,-1003181705395
Moonwalk 2025 10Bit DS WEB DL Hindi 5 1 Malay,132,-1003181705395
Moonwalk 2025 Hindi JSTAR WEB DL,131,-1003181705395
Moonwalk 2025 DS WEB DL Hindi ORG Malayalam E,130,-1003181705395
DNA 2025 JHS WEB DL DDP5 1 H 264,129,-1003181705395
DNA 2025 DS WEB-DL Hindi 5 1-Tamil 5 1 ESub x264,128,-1003181705395
DNA 2025 JHS WEB DL DDP5 1 H 265,127,-1003181705395
DNA 2025 DS WEB DL HIN TAM x264 AAC 5 1 ESub,126,-1003181705395
DNA 2025 DS WEB-DL Hindi 5 1-Tamil 5 1 ESub x264,125,-1003181705395
DNA 2025 HEVC DS WEB DL HIN TAM x265 AAC 2.0,124,-1003181705395
DNA 2025 HEVC DS WEB-DL Hindi-Tamil ESub x265,123,-1003181705395
DNA 2025 JHS WEB DL AAC2 0 H 264,122,-1003181705395
DNA 2025 DS WEB DL HIN TAM x264 AAC 2.0 ESub,121,-1003181705395
Kuladalli Keelyavudo (2025) (Hindi + Kannada) Dual,120,-1003181705395
Kuladi Keelyavudo 2025 AMZN DL DUAL DDP2 0 H 265,119,-1003181705395
Kuladalli Keelyavudo (2025) (Hindi + Kannada) Dual,118,-1003181705395
Kuladi Keelyavudo 2025 AMZN DL AAC2 0 H 265,117,-1003181705395
💫 Kuladalli Keelyavudo (2025) HEVC (Hindi + Kannada),116,-1003181705395
Kuladi Keelyavudo 2025 405p AMZN DL AAC2 0 H 264,115,-1003181705395
Kuladalli Keelyavudo (2025) (Hindi + Kannada) Dual,114,-1003181705395
Yadha Yadha Hi 2024 SNXT DL Hindi HDTV Kannada DDP,113,-1003181705395
Yadha Yadha Hi 2024 10bit DS SNXT Rip Hindi Kannada DDP5 mkv,112,-1003181705395
Yadha Yadha Hi 2024 SNXT DL Hindi HDTV Kannada DDP mkv,111,-1003181705395
Yadha Yadha Hi 2024 SNXT DL Hindi HDTV Kannada DDP5,110,-1003181705395
Yadha Yadha Hi 2024 10bit DS SNXT Rip Hindi DDP5 1 x265,109,-1003181705395
Yadha Yadha Hi 2024 SNXT DL Hindi HDTV Kannada AAC2,108,-1003181705395
Yadha Yadha Hi 2024 360p SNXT DL Hindi HDTV Kannada AAC2,107,-1003181705395
Fear 2024 AMZN DL DDP5 1 H 264,106,-1003181705395
Fear 2024 AMZN WEB DL DDP5 1 H 265,105,-1003181705395
Fear 2024 10bit AMZN WEBRip Hindi Telugu DDP5 1 x265 H,104,-1003181705395
Fear 2024 10bit AMZN WEBRip Hindi DDP5 1 x265 HEVC,103,-1003181705395
Fear (2024) (Hindi + Telugu) Dual Audio UnCut Sout,102,-1003181705395
Fear (2024) (Hindi + Telugu) Dual Audio UnCut South,101,-1003181705395
Fear 2024 AMZN DL DDP5 1 H 264,100,-1003181705395
Fear 2024 AMZN DL DDP5 1 H 265,99,-1003181705395
Fear 2024 AMZN DL AAC2 0 H 265,98,-1003181705395
Fear 2024 396p AMZN DL AAC2 0 H 264,97,-1003181705395
Gurthunda Seethakalam 2022 AMZN DL Hindi HDTV Telugu,96,-1003181705395
Gurthunda Seethakalam 2022 AMZN WEB DL HEVC Hindi HDTV DD,95,-1003181705395
Gurthunda Seethakalam 2022 10bit REPACK AMZN WEBRip Hi,94,-1003181705395
Gurthunda Seethakalam 2022 AMZN WEB DL HEVC Hindi HDTV DD 5,93,-1003181705395
Gurthunda Seethakalam 2022 AMZN DL Hindi HDTV Telugu,92,-1003181705395
Gurthunda Seethakalam 2022 396p AMZN DL Hindi HDTV Telugu,91,-1003181705395
Pechi 2024 DL Hindi 2 0 Tamil 5 1 ESub x264 HD4,90,-1003181705395
Pechi 2024 WebRip Hindi DD 2 0 Tamil DD 5 1 x2,89,-1003181705395
Pechi 2024 10bit AMZN Rip Hindi 2 0 Tamil 5 1 x265,88,-1003181705395
Pechi 2024 WEB-DL Hindi- Tamil x264 ESub,87,-1003181705395
Pechi 2024 WEB-DL Hindi- Tamil x264 ESub,86,-1003181705395
Pechi 2024 Rip Hindi AAC 2 0 Tamil AAC 5 1 x,85,-1003181705395
Pechi 2024 HEVC WEB-DL Hindi- Tamil x265 ESub,84,-1003181705395
Pechi 2024 WEB-DL Hindi- Tamil x264 ESub,83,-1003181705395
Pechi 2024 WebRip x265 HEVC 10bit Hindi Tamil E,82,-1003181705395
Narivetta 2025 10bit DS SLIV WEBRip Hindi Ma,81,-1003181705395
Narivetta (2025) (Hindi + Malayalam) Dual Audio UnCut,80,-1003181705395
Narivetta 2025 10bit DS SLIV WEBRip Hindi DDP,79,-1003181705395
Narivetta (2025) [Hindi or Malayalam] Dual Audio UnCut S,78,-1003181705395
Narivetta (2025) [Hindi or Malayalam] HEVC Dual Audio Un,77,-1003181705395
Narivetta (2025) [Hindi or Malayalam] Dual Audio UnCut S,76,-1003181705395
The Family man (2025) S03 COMBINED Hindi WebRip AAC,75,-1003181705395
The Family man (2025) S03 COMBINED Hindi WebRip AAC,74,-1003181705395
The Family man (2025) S03 COMBINED Hindi WebRip AAC,73,-1003181705395
The Family Man 2019 WebRip Hindi S01 Complete Web Series x26,72,-1003181705395
The Family Man 2019 HEVC HDRip Hindi S01 Complete Web,71,-1003181705395
"Family Man 2019 Hindi S01 Complete ,mkv",70,-1003181705395
The Family Man 2019 WebRip Hindi S01 Complete Web Series x26,69,-1003181705395
The Family Man 2021 WebRip Hindi S02 Complete Web Series x26,68,-1003181705395
The Family Man 2021 WebRip Hindi S02 Complete Web Series x26,67,-1003181705395
Joker (2012) HDRip,66,-1003181705395
Joker 2012 Hindi DvDRip,65,-1003181705395
Joker 2012 WebRip Hindi DD 5 1 x264 ESub,64,-1003181705395
Joker 2012 WebRip Hindi AAC 5 1 x264 ESub,63,-1003181705395
Joker 2012 WebRip Hindi ESub,62,-1003181705395
Seesaw 2025 AMZN DL Hindi DDP2.0 Tamil DDP5.1 H 26,61,-1003181705395
See Saw (2025) (Hindi + Tamil) Dual Audio UnCut South,60,-1003181705395
Seesaw 2025 DL HIN TAM x264 ESub,59,-1003181705395
See Saw (2025) (Hindi + Tamil) Dual Audio UnCut South,58,-1003181705395
Seesaw 2025 DL HIN TAM x264 ESub,57,-1003181705395
See Saw (2025)[(Hindi + Tamil] HEVC Dual Audio,56,-1003181705395
Seesaw 2025 HEVC DL HIN TAM x265 ESub,55,-1003181705395
Seesaw 2025 405p AMZN DL Hindi Tamil AAC2.0 H 264,54,-1003181705395
Rangeen 2025 S01 COMBINED Hindi WebRip AAC ESub,53,-1003181705395
Rangeen 2025 S01 COMBINED Hindi WebRip AAC ESub,52,-1003181705395
Rangeen 2025 S01 COMBINED Hindi WebRip AAC ESub,51,-1003181705395
Bachhala Malli 2024 AMZN DL DDP2 0 H 264,50,-1003181705395
Bachhala Malli 2024 AMZN DL DDP2 0 H 265,49,-1003181705395
Bachhala Malli 2024 WEB-DL Hindi 2.0 Telegu 5.1 ESub,48,-1003181705395
Bachhala Malli 2024 10Bit WEB DL Hindi 2 0 Telegu HEVC,47,-1003181705395
Bachhala Malli 2024 WEB DL Hindi 2 0 Telegu 5 1 ESub x2,46,-1003181705395
Bachhala Malli 2024 Dual Hindi or Telugu WEB DL ESubs,45,-1003181705395
Bachhala Malli 2024 10Bit WEB DL Hindi 2 0 Telegu HEVC,44,-1003181705395
Bachhala Malli 2024 Hindi AMZN DL,43,-1003181705395
Bachhala Malli 2024 WEB DL Hindi or Telegu ESub x 264,42,-1003181705395
Bachhala Malli 2024 Dual Audio Hindi or Telugu,41,-1003181705395
Idli Kadai (2025) DS Dual Audio (Hindi & Tamil) Full Movie H,40,-1003181705395
Idli Kadai (2025) DS Dual Audio (Hindi & Tamil) Full Movie H,39,-1003181705395
Idli Kadai (2025) DS Dual Audio (Hindi & Tamil) Full Movie H,38,-1003181705395
Idli Kadai (2025) DS Dual Audio (Hindi & Tamil) Full Movie H,37,-1003181705395
Idli Kadai (2025) DS Dual Audio (Hindi & Tamil) Full Movie H,36,-1003181705395
Idli Kadai (2025) DS Dual Audio (Hindi & Tamil) Full Movie H,35,-1003181705395
Lokah Chapter 1 Chandra 2025 JHS WEB-DL DUAL AAC5.1 H 264,34,-1003181705395
Lokah Chapter 1 Chandra 2025 JHS WEB-DL DUAL AAC5.1 H 265,33,-1003181705395
Lokah Chapter 1 Chandra 2025 JHS WEB-DL DUAL AAC5.1 H 265,32,-1003181705395
Lokah Chapter 1 Chandra 2025 JHS WEB-DL DUAL AAC2 0 H 265,31,-1003181705395
Lokah Chapter 1 Chandra 2025 JHS WEB-DL DUAL AAC2 0 H 264,30,-1003181705395
Andhadhun 2018 Hindi WEB DL NF x265 HEVC 10Bit AAC5 1 ESub,29,-1003181705395
Andhadhun 2018 Hindi Movie,28,-1003181705395
Andhadhun 2018 BluRay Hindi AAC 5 1 x264 ESub,27,-1003181705395
Andhadhun 2018 Hindi WEB DL NF x265 HEVC 10Bit Opus 2 0 ESub,26,-1003181705395
Andhadhun 2018 10bit NF WEBRip x265 HEVC Hindi DD 5 1 ESub,25,-1003181705395
Andhadhun 2018 Hindi Movie,24,-1003181705395
Andhadhun 2018 BluRay Hindi AAC 5 1 x264 ESub. mkv,23,-1003181705395
Show Time (2025) UNCUT Web-Rip [Hindi 2 0 Telugu 5 1] ESubs,22,-1003181705395
Show Time (2025) UNCUT Web-Rip [Hindi 2 0 Telugu 5 1] ESubs,21,-1003181705395
Show Time 2025 HEVC WEB DL Hindi 2 0 Telugu 5 1 ESubs,20,-1003181705395
Show Time 2025 AMZN WEB DL Multi DDP2 0 H 265,19,-1003181705395
Show Time 2025 DL Hindi 2.0 Telugu 5.1 ESub x26,18,-1003181705395
Show Time 2025 HEVC DL Hindi Telugu ESub x265,17,-1003181705395
Show Time 2025 UNCUT Rip Hindi ORG Telugu HEVC,16,-1003181705395
Show Time 2025 WEB-DL Hindi or Telugu ESub x264,15,-1003181705395
Zebra 2024 AHA WEB-DL Hindi TVDL DDP2.0 Telugu DDP5,14,-1003181705395
Zebra (2024) [Hindi + Telugu] Dual Audio UnCut ESubs,13,-1003181705395
Zebra (2024) UNCUT 10Bit DS WEB DL Hindi or Telugu ESubs,12,-1003181705395
Zebra (2024) [Hindi or Telugu] HEVC Dual Audio UnCut ESubs,11,-1003181705395
Zebra (2024) UNCUT DS WEB DL [Hindi or Telugu] ESubs,10,-1003181705395
Zebra 2024 WebRip x265 HEVC 10bit Hindi ESubs,9,-1003181705395
Mandala Murders 2025 S01 COMBINED ESubs,8,-1003181705395
Mandala Murders 2025 S01 COMBINED ESubs,7,-1003181705395
Mandala Murders 2025 S01 COMBINED ESubs,6,-1003181705395
Engaged S02E01 The Ultimate Reveal JHS WEB DL Hindi,110,-1003614546520
Engaged S02E01 The Ultimate Reveal JHS WEB DL Hindi,109,-1003614546520
Engaged S02E01 The Ultimate Reveal JHS WEB DL Hindi,108,-1003614546520
Engaged Roka Ya Dhoka S01 E20 Roka Ya Dhoka,107,-1003614546520
Engaged Roka Ya Dhoka S01 E20 Roka Ya Dhoka,106,-1003614546520
Engaged Roka Ya Dhoka S01 E20 Roka Ya Dhoka 360p,105,-1003614546520
Engaged Roka Ya Dhoka S01 E19 Lets Get This Baat Pakki,104,-1003614546520
Engaged Roka Ya Dhoka S01 E19 Lets Get This Baat Pakki,103,-1003614546520
Engaged Roka Ya Dhoka S01 E19 Lets Get This Baat Pakki 360p,102,-1003614546520
Engaged Roka Ya Dhoka S01 E18 Pyaar Parivaar aur Permission,101,-1003614546520
Engaged Roka Ya Dhoka S01 E18 Pyaar Parivaar aur Permission,100,-1003614546520
Engaged Roka Ya Dhoka S01 E18 Pyaar Parivaar aur Permission ,99,-1003614546520
Engaged Roka Ya Dhoka S01 E17 Kiski Hogi Kundali Match,98,-1003614546520
Engaged Roka Ya Dhoka S01 E17 Kiski Hogi Kundali Match,97,-1003614546520
Engaged Roka Ya Dhoka S01 E17 Kiski Hogi Kundali Match 360p,96,-1003614546520
Engaged Roka Ya Dhoka S01 E16 Promises Ka Panchnama,95,-1003614546520
Engaged Roka Ya Dhoka S01 E16 Promises Ka Panchnama,94,-1003614546520
Engaged Roka Ya Dhoka S01 E16 Promises Ka Panchnama,93,-1003614546520
Engaged Roka Ya Dhoka S01 E16 Promises Ka Panchnama 360p,92,-1003614546520
Engaged Roka Ya Dhoka S01 E15 The color of love is,91,-1003614546520
Engaged Roka Ya Dhoka S01 E15 The color of love is,90,-1003614546520
Engaged Roka Ya Dhoka S01 E15 The color of love is,89,-1003614546520
Engaged Roka Ya Dhoka S01 E15 The color of love is 360p,88,-1003614546520
Engaged Roka Ya Dhoka S01 E14 Will Love Win Over Past,87,-1003614546520
Engaged Roka Ya Dhoka S01 E14 Will Love Win Over Past,86,-1003614546520
Engaged Roka Ya Dhoka S01 E14 Will Love Win Over Past,85,-1003614546520
Engaged Roka Ya Dhoka S01 E14 Will Love Win Over Past 360p,84,-1003614546520
Engaged Roka Ya Dhoka S01 E13 Fardeen ne Kiya Flip,83,-1003614546520
Engaged Roka Ya Dhoka S01 E13 Fardeen ne Kiya Flip,82,-1003614546520
Engaged Roka Ya Dhoka S01 E13 Fardeen ne Kiya Flip,81,-1003614546520
Engaged Roka Ya Dhoka S01 E13 Fardeen ne Kiya Flip 360p,80,-1003614546520
Engaged Roka Ya Dhoka S01 E12 Unfiltered Opinions Alert,79,-1003614546520
Engaged Roka Ya Dhoka S01 E12 Unfiltered Opinions Alert,78,-1003614546520
Engaged Roka Ya Dhoka S01 E12 Unfiltered Opinions Alert,77,-1003614546520
Engaged Roka Ya Dhoka S01 E12 Unfiltered Opinions Alert 360p,76,-1003614546520
Engaged Roka Ya Dhoka S01 E11 The Wildest Blind Dates,75,-1003614546520
Engaged Roka Ya Dhoka S01 E11 The Wildest Blind Dates,74,-1003614546520
Engaged Roka Ya Dhoka S01 E11 The Wildest Blind Dates,73,-1003614546520
Engaged Roka Ya Dhoka S01 E11 The Wildest Blind Dates 360p,72,-1003614546520
Engaged Roka Ya Dhoka S01 E10 Cat Fight Begins JioHotstar,71,-1003614546520
Engaged Roka Ya Dhoka S01 E10 Cat Fight Begins,70,-1003614546520
Engaged Roka Ya Dhoka S01 E10 Cat Fight Begins,69,-1003614546520
Engaged Roka Ya Dhoka S01 E10 Cat Fight Begins 360p,68,-1003614546520
Engaged Roka Ya Dhoka S01 E09 The Most Desirable Guy Is,67,-1003614546520
Engaged Roka Ya Dhoka S01 E09 The Most Desirable Guy Is,66,-1003614546520
Engaged Roka Ya Dhoka S01 E09 The Most Desirable Guy Is,65,-1003614546520
Engaged Roka Ya Dhoka S01 E09 The Most Desirable Guy Is 360p,64,-1003614546520
Engaged Roka Ya Dhoka S01 E08 Is Vaibhav The Villain,63,-1003614546520
Engaged Roka Ya Dhoka S01 E08 Is Vaibhav The Villain,62,-1003614546520
Engaged Roka Ya Dhoka S01 E08 Is Vaibhav The Villain,61,-1003614546520
Engaged Roka Ya Dhoka S01 E08 Is Vaibhav The Villain 360,60,-1003614546520
Engaged Roka Ya Dhoka S01 E07 Dosti Ya Pyaar JioHotstar,59,-1003614546520
Engaged Roka Ya Dhoka S01 E07 Dosti Ya Pyaar,58,-1003614546520
Engaged Roka Ya Dhoka S01 E07 Dosti Ya Pyaar,57,-1003614546520
Engaged Roka Ya Dhoka S01 E07 Dosti Ya Pyaar 360p,56,-1003614546520
Engaged Roka Ya Dhoka S01 E06 Elimination Ka Twist,55,-1003614546520
Engaged Roka Ya Dhoka S01 E06 Elimination Ka Twist,54,-1003614546520
Engaged Roka Ya Dhoka S01 E06 Elimination Ka Twist,53,-1003614546520
Engaged Roka Ya Dhoka S01 E06 Elimination Ka Twist 360p,52,-1003614546520
Engaged Roka Ya Dhoka S01 E05 Ayesha Ka Heartbreak,51,-1003614546520
Engaged Roka Ya Dhoka S01 E05 Ayesha Ka Heartbreak,50,-1003614546520
Engaged Roka Ya Dhoka S01 E05 Ayesha Ka Heartbreak,49,-1003614546520
Engaged Roka Ya Dhoka S01 E05 Ayesha Ka Heartbreak 360p,48,-1003614546520
Engaged Roka Ya Dhoka S01 E04 Ronak and Sasa the power coupl,47,-1003614546520
Engaged Roka Ya Dhoka S01 E04 Ronak and Sasa the power coupl,46,-1003614546520
Engaged Roka Ya Dhoka S01 E04 Ronak and Sasa the power coupl,45,-1003614546520
Engaged Roka Ya Dhoka S01 E04 Ronak and Sasa the power coupl,44,-1003614546520
Engaged Roka Ya Dhoka S01 E03 Vaar Ya Pyaar,43,-1003614546520
Engaged Roka Ya Dhoka S01 E03 Vaar Ya Pyaar,42,-1003614546520
Engaged Roka Ya Dhoka S01 E03 Vaar Ya Pyaar,41,-1003614546520
Engaged Roka Ya Dhoka S01 E03 Vaar Ya Pyaar 360p,40,-1003614546520
Engaged Roka Ya Dhoka S01 E02 Is Sasa The Sassiest,39,-1003614546520
Engaged Roka Ya Dhoka S01 E02 Is Sasa The Sassiest,38,-1003614546520
Engaged Roka Ya Dhoka S01 E02 Is Sasa The Sassiest,37,-1003614546520
Engaged Roka Ya Dhoka S01 E02 Is Sasa The Sassiest 360p,36,-1003614546520
Engaged Roka Ya Dhoka S01 E01 Pehla Din Pehla Dhamaka,35,-1003614546520
Engaged Roka Ya Dhoka S01 E01 Pehla Din Pehla Dhamaka,34,-1003614546520
Engaged Roka Ya Dhoka S01 E01 Pehla Din Pehla Dhamaka,33,-1003614546520
Engaged Roka Ya Dhoka S01 E01 Pehla Din Pehla Dhamaka 360p,32,-1003614546520
Dhurandhar The Revenge 2026 Hindi HDTC x264 AAC HC-ESub,73,-1002831605258
Dhurandhar The Revenge 2026 HEVC V2-HDTC Hindi-Line HC-ESub ,72,-1002831605258
Dhurandhar The Revenge 2026 V2-HDTC Hindi-Line HC-ESub x264,71,-1002831605258
Dhurandhar The Revenge 2026 Hindi HDTC x264 AAC HC-ESub,70,-1002831605258
Dhurandhar The Revenge 2026 HEVC V2-HDTC Hindi-Line HC-ESub ,69,-1002831605258
Dhurandhar-The.Revenge.2026. .V2-HDTC.Hindi-Line.HC-ESub.x26,68,-1002831605258
Assi 2026 Hindi HDTC x264 AAC HC-ESub,66,-1002831605258
Assi 2026 Hindi HDTC 10bit HEVC x265 AAC HC-ESub,65,-1002831605258
Assi 2026 Hindi HDTC x264 AAC HC-ESub,64,-1002831605258
Assi 2026 Hindi HDTC HEVC x265 AAC HC-ESub,63,-1002831605258
Assi 2026 Hindi HDTC x264 AAC HC-ESub,62,-1002831605258
O Romeo 2026 V2 HDTC Hindi-Line x264,61,-1002831605258
O Romeo 2026 Hindi HDTC x264 AAC,60,-1002831605258
O Romeo 2026 HEVC V2 HDTC Hindi-Line x265,59,-1002831605258
O Romeo 2026 V2 HDTC Hindi-Line x264,58,-1002831605258
O Romeo 2026 Hindi HDTC x264 AAC,57,-1002831605258
O Romeo 2026 HEVC V2 HDTC Hindi-Line x265,56,-1002831605258
O Romeo 2026 Hindi HDTC x265 HEVC,55,-1002831605258
O Romeo 2026 V2 HDTC Hindi-Line x264,54,-1002831605258
O' Romeo 2026 Hindi HDTC x264 AAC,53,-1002831605258
Bhabiji Ghar Par Hain 2026 Hindi HDTS x264 AAC HC-ESub,52,-1002831605258
Bhabiji Ghar Par Hain 2026 Hindi HDTS 10bit HEVC x265 AAC HC,51,-1002831605258
Bhabiji Ghar Par Hain 2026 Hindi HDTS x264 AAC HC-ESub,50,-1002831605258
Bhabiji Ghar Par Hain 2026 Hindi HDTS HEVC x265 AAC HC-ESub,49,-1002831605258
Bhabiji Ghar Par Hain 2026 Hindi HDTS x264 AAC HC-ESub,48,-1002831605258
Vadh 2 (2026) Hindi HDTS x264 AAC HC-ESub,47,-1002831605258
Vadh 2 (2026) Hindi HDTS x264 AAC HC-ESub,46,-1002831605258
Vadh 2 (2026) Hindi HDTS x264 AAC HC-ESub,45,-1002831605258
Border 2 2026 Hindi HDTC x264 AAC,44,-1002831605258
Border 2 2026 Hindi HDTC x264 AAC,43,-1002831605258
Border 2 2026 Hindi HDTC x265 AAC,42,-1002831605258
Border 2 2026 Hindi HDTC x264 AAC,41,-1002831605258
The Raja Saab 2026 Hindi HDTC 10bit x265 HEVC,39,-1002831605258
The Raja Saab 2026 Hindi HDTC x264 AAC Vood,38,-1002831605258
The Raja Saab 2026 Hindi HDTC x265 HEVC Vood,37,-1002831605258
The Raja Saab 2026 Hindi HDTC x264 AAC Vood,36,-1002831605258
Avatar Fire and Ash 2025 Hindi HDTS AVC AAC 2.0,35,-1002831605258
Avatar Fire and Ash 2025 Hindi HDTS x264 AVC HE-AAC 2.0,34,-1002831605258
Avatar Fire and Ash (2025) Hindi HDTS H264 AAC,33,-1002831605258
Avatar Fire and Ash (2025) Hindi HDTS H264 AAC,32,-1002831605258
Akhanda 2 (2025) Full Movie In ORG Hindi Dubbed Full HDTC,31,-1002831605258
Akhanda 2 Thaandavam 2025 Hindi Dubbed HDTC 1080,30,-1002831605258
Akhanda 2 (2025) Full Movie In ORG Hindi Dubbed Full HDTC HE,29,-1002831605258
Akhanda 2 (2025) Full Movie In ORG Hindi Dubbed Full HDTC,28,-1002831605258
Akhanda 2 (2025) Full Movie In ORG Hindi Dubbed Full HDTC HE,27,-1002831605258
Akhanda 2 Thaandavam 2025 Hindi Dubbed HDTC,26,-1002831605258
Akhanda 2 Thaandavam 2025 Hindi Dubbed HDTC,25,-1002831605258
Kis Kisko Pyaar Karoon 2025 Hindi HDTC x264 AAC HC ESub,24,-1002831605258
Kis Kisko Pyaar Karoon 2025 Hindi HDTC x264 AAC HC ESub,23,-1002831605258
Kis Kisko Pyaar Karoon 2025 Hindi HDTC x264 AAC HC ESub,22,-1002831605258
Kis Kisko Pyaar Karoon 2025 Hindi HDTC x264 AAC HC ESub,21,-1002831605258
Kis Kisko Pyaar Karoon 2025 Hindi HDTC x264 AAC HC ESub,20,-1002831605258
Dhurandhar 2025 Hindi HDTC x264 AVC HE-AAC 2.0,19,-1002831605258
Dhurandhar 2025 Hindi HDTC x264 AVC HE-AAC 2.0,18,-1002831605258
Dhurandhar 2025 Hindi HDTC x264 AVC HE-AAC 2.0,17,-1002831605258
Dhurandhar 2025 Hindi HDTC x264 AVC HE-AAC 2.0,16,-1002831605258
Dhurandhar 2025 Hindi HDTC x265 HEVC HE-AAC 2.0,15,-1002831605258
Dhurandhar 2025 Hindi HDTC x264 AVC HE-AAC 2.0,14,-1002831605258
Dhurandhar 2025 Hindi HDTC x264 AVC HE-AAC 2.0,13,-1002831605258
The.Taj.Story.2025.Hindi.HDTS. .10bit.x265.HEVC.HC-ESub,12,-1002831605258
The.Taj.Story.2025.Hindi.HDTS. .10bit.x265.HEVC.HC-ESub,11,-1002831605258
The.Taj.Story.2025.Hindi.HDTS. .10bit.x265.HEVC.HC-ESub,10,-1002831605258
The.Taj.Story.2025.Hindi.HDTS. .10bit.x265.HEVC.HC-ESub,9,-1002831605258
The Taj Story 2025 Hindi HDTS 10bit x265 HEVC HC-ESub,8,-1002831605258
Baahubali The Epic 2025 HDTC Hindi [ORG 2.0] x264 AAC,7,-1002831605258
Baahubali The Epic 2025 HDTC Hindi [ORG 2.0] x264 AAC,6,-1002831605258
Baahubali The Epic 2025 HDTC Hindi [ORG 2.0] x265 HEVC,5,-1002831605258
Baahubali The Epic 2025 HDTC Hindi [ORG 2.0] x264 AAC,4,-1002831605258
Guys join for Threater Print Movies,3,-1002831605258
Kuladalli Keelyavudo 2025 WEB DL Hindi OR Kannnada x264 Subs,146,-1003251791991
Kuladalli Keelyavudo 2025 Hindi OR Kannada Dual Audio Subs,145,-1003251791991
Kuladalli Keelyavudo 2025 AMZN DL DUAL DDP2 0 H 265 Subs,144,-1003251791991
Kuladalli Keelyavudo 2025 AMZN DL DDP2 0 H 264 Hindi OR Kann,143,-1003251791991
Kuladalli Keelyavudo 2025 Hindi OR Kannada Dual Audio UnCut ,142,-1003251791991
Kuladalli Keelyavudo 2025 WEB-DL Hindi OR Kannnada x264 Subs,141,-1003251791991
Kuladalli Keelyavudo 2025 AMZN WEB DL AAC2 0 H 265 Hindi OR ,140,-1003251791991
Kuladalli Keelyavudo 2025 HEVC Hindi OR Kannnada x264 Subs,139,-1003251791991
Kuladalli Keelyavudo 2025 405p AMZN DL AAC2 0 H 264 Hindi OR,138,-1003251791991
Kuladalli Keelyavudo 2025 WEB DL Hindi ORG Dubbed x264,137,-1003251791991
Yadha Yadha Hi 2024 SNXT DL Hindi HDTV Kannada DDP Subs,136,-1003251791991
Yadha Yadha Hi 2024 Hindi OR Kannada Dual Audio Subs,135,-1003251791991
Yadha Yadha Hi 2024 10bit DS SNXT Rip Hindi Kannada DDP5 Sub,134,-1003251791991
Yadha Yadha Hi 2024 SNXT DL Hindi HDTV Kannada,133,-1003251791991
Yadha Yadha Hi 2024 SNXT DL Hindi HDTV Kannada DDP5 Subs,132,-1003251791991
Yadha Yadha Hi 2024 Hindi OR Kannada Dual Audio Subs,131,-1003251791991
Yadha Yadha Hi 2024 SNXT DL Hindi HDTV Kannada AAC2 Subs,130,-1003251791991
Yadha Yadha Hi 2024 Hindi OR Kannada HEVC Dual Audio Subs,129,-1003251791991
Yadha Yadha Hi 2024 Hindi OR Kannada Dual Audio Subs,128,-1003251791991
Fear 2024 AMZN DL DDP5 1 H 264 Hindi OR Telugu Subs,127,-1003251791991
Fear 2024 AMZN DL DDP5 1 H 265 Hindi OR Telugu Subs,126,-1003251791991
Fear 2024 10bit AMZN Rip Hindi Telugu DDP5 1 x265 Subs,125,-1003251791991
Fear 2024 10bit AMZN WEBRip Hindi DDP5 1 x265 HEVC,124,-1003251791991
Fear 2024 AMZN DL DDP5 1 H 264 Hindi OR Telugu Subs,123,-1003251791991
Fear 2024 Hindi OR Telugu Dual Audio UnCut South,122,-1003251791991
Fear 2024 Hindi OR Telugu Dual Audio UnCut South,121,-1003251791991
Fear 2024 AMZN DL DDP5 1 H 264 Hindi OR Telugu Subs,120,-1003251791991
Fear 2024 10bit AMZN WEBRip Hindi DDP5 1 x265,119,-1003251791991
Fear 2024 AMZN DL DDP5 1 H 265 Hindi OR Telugu Subs,118,-1003251791991
Fear 2024 AMZN DL AAC2 0 H 265 Hindi OR Telugu Subs,117,-1003251791991
Fear 2024 396p AMZN DL AAC2 0 H 264 Hindi OR Telugu Subs,116,-1003251791991
Gurthunda Seethakalam (Ishqbaaz Khiladi) 2022 AMZN DL Hindi ,115,-1003251791991
Gurthunda Seethakalam (Ishqbaaz Khiladi) 2022 AMZN WEB DL HE,114,-1003251791991
Gurthunda Seethakalam (Ishqbaaz Khiladi) 2022 UNCUT WEB-DL H,113,-1003251791991
Gurthunda Seethakalam (Ishqbaaz Khiladi) 2022 HDTV DL DD5 1 ,112,-1003251791991
Gurthunda Seethakalam (Ishqbaaz Khiladi) 2022 AMZN DL Hindi ,111,-1003251791991
Gurthunda Seethakalam (Ishqbaaz Khiladi) 2022 10bit REPACK A,110,-1003251791991
Gurthunda Seethakalam (Ishqbaaz Khiladi) 2022 AMZN WEB DL HE,109,-1003251791991
Gurthunda Seethakalam (Ishqbaaz Khiladi) 2022 UNCUT WEB-DL H,108,-1003251791991
Gurthunda Seethakalam (Ishqbaaz Khiladi) 2022 UNCUT 10bit AM,107,-1003251791991
Gurthunda Seethakalam (Ishqbaaz Khiladi) 2022 AMZN DL Hindi ,106,-1003251791991
Gurthunda Seethakalam (Ishqbaaz Khiladi) 2022 HEVC UNCUT WEB,105,-1003251791991
Gurthunda Seethakalam (Ishqbaaz Khiladi) 2022 UNCUT WEB-DL H,104,-1003251791991
Pechi 2024 DL Hindi 2 0 Tamil 5 1 ESub x264,103,-1003251791991
Pechi 2024 WebRip Hindi DD 2.0 Tamil DD 5.1 x2,102,-1003251791991
Pechi 2024 10Bit HDRip South Movie ORG. Dual Audio,101,-1003251791991
Pechi 2024 10bit AMZN Rip Hindi 2 0 Tamil 5 1 x265,100,-1003251791991
Pechi 2024 WEB-DL Hindi OR Tamil x264 ESub,99,-1003251791991
Pechi 2024 WEB-DL Hindi OR Tamil x264 ESub,98,-1003251791991
Pechi 2024 Rip Hindi AAC 2 0 Tamil AAC 5 1 x,97,-1003251791991
Pechi 2024 10bit AMZN Rip x265 HEVC Hindi OR Tamil ESub,96,-1003251791991
Pechi 2024 HEVC WEB-DL Hindi OR Tamil x265 ESub,95,-1003251791991
Pechi 2024 AMZN Dual Audio Hindi OR Tamil AAC2 0 H 265 Subs,94,-1003251791991
Pechi 2024 HDRip South Movie ORG Dual Audio Hindi OR Tamil,93,-1003251791991
Pechi 2024 Rip x265 HEVC 10bit Hindi OR Tamil ESub,92,-1003251791991
Narivetta 2025 SLIV WEB-DL Multi Audio AVC,79,-1003251791991
Narivetta 2025 SLIV WEB DL DUAL DDP5 1 Atmos H 265,78,-1003251791991
Narivetta 2025 DS DL Hindi 5 1 Malayalam,77,-1003251791991
Narivetta 2025 Hindi OR Malayalam Dual Audio UnCut,76,-1003251791991
Narivetta 2025 10Bit DS DL Hindi 5 1 Malayalam,75,-1003251791991
Narivetta 2025 HEVC DS DL Hindi 5 1 Malayalam,74,-1003251791991
Narivetta 2025 10bit DS SL WEBRip x265 HEVC Hindi,73,-1003251791991
Narivetta 2025 10bit DS SLIV WEBRip Hindi DDP5 1 x265,72,-1003251791991
Narivetta 2025 SLIV DL Hi Ml Ta Te Kn 576p AVC,71,-1003251791991
Narivetta 2025 Hindi OR Malayalam Dual Audio UnCut,70,-1003251791991
Narivetta 2025 10Bit DS DL Hindi 5 1 Malayalam,69,-1003251791991
Narivetta 2025 HEVC DS DL Hindi ORG Malayalam,68,-1003251791991
Narivetta 2025 Hindi or Malayalam HEVC Dual Audio,67,-1003251791991
Narivetta 2025 DS DL Hindi ORG Malayalam,66,-1003251791991
Seesaw 2025 AMZN DL Hindi DDP2.0 Tamil DDP5.1 H 26,65,-1003251791991
SeeSaw 2025 Hindi OR Tamil Dual Audio UnCut So,64,-1003251791991
Seesaw 2025 DL Hindi OR Tamil x264 ESub,63,-1003251791991
See Saw 2025 Hindi OR Tamil Dual Audio UnCut South,62,-1003251791991
Seesaw 2025 DL Hindi OR Tamil x264 ESub,61,-1003251791991
Seesaw 2025 Hindi OR Tamil HEVC Dual Audio,60,-1003251791991
Seesaw 2025 UPLAY DL AAC2 0 H 264,59,-1003251791991
Seesaw 2025 HEVC DL Hindi OR Tamil x265 ESub,58,-1003251791991
Seesaw 2025 405p AMZN DL Hindi OR Tamil AAC2 0 H 264,57,-1003251791991
Bachhala Malli 2024 AMZN DL DDP2 0 H 264,56,-1003251791991
Bachhala Malli 2024 AMZN DL DDP2 0 H 265,55,-1003251791991
Bachhala Malli 2024 WEB-DL Hindi 2.0 Telegu 5.1 ESub,54,-1003251791991
Rangeen 2025 S01 COMBINED Hindi WebRip AAC ESub,53,-1003251791991
Rangeen 2025 S01 COMBINED Hindi WebRip AAC ESub,52,-1003251791991
Rangeen 2025 S01 COMBINED Hindi WebRip AAC ESub,51,-1003251791991
Anyaa (2025) S01 COMBiNED Hindi WEB-DL,50,-1003251791991
Anyaa 2025 S01 Hindi Dubbed ORG WEB-DL,49,-1003251791991
Anyaa 2025 S01 COMBiNED Hindi DL,48,-1003251791991
Andhadhun 2018 NF WEB-DL DDP5.1 x264,47,-1003251791991
Andhadhun 2018 10bit BluRay 6CH x265 HEVC ESubs,46,-1003251791991
Andhadhun (2018) Hindi BluRay x264 AAC ESubs,45,-1003251791991
Andhadhun 2018 Hindi WEB DL NF x265 HEVC 10Bit AAC,44,-1003251791991
Andhadhun 2018 HDRip BluRay x264 Esubs,43,-1003251791991
Andhadhun 2018 Hindi HDRip Esubs,42,-1003251791991
Andhadhun (2018) Hindi Movie HDRip,41,-1003251791991
Andhadhun 2018 BluRay Hindi AAC 5 1 x264 ESub,40,-1003251791991
Andhadhun 2018 BluRay x264 ESubs,39,-1003251791991
Andhadhun 2018 Hindi PROPER WEB-DL AAC x264,38,-1003251791991
Andhadhun (2018) Hindi HDRip HEVC ESubs,37,-1003251791991
Andhadhun 2018 10bit NF WEBRip x265 HEVC Hindi DD 5 1 ESub,36,-1003251791991
Andhadhun (2018) Hindi Movie HDRip_1,35,-1003251791991
Andhadhun (2018) BluRay Hindi AAC 5.1 x264 ESub,34,-1003251791991
Taskaree The Smugglers Web 2026 S01 COMBINED Hindi,33,-1003251791991
Taskaree: The Smugglers Web (2026) HEVC HDRip Hindi S01 Comp,32,-1003251791991
Taskaree: The Smugglers Web (2026) HEVC HDRip Hindi S01 Comp,31,-1003251791991
Show Time (2025) UNCUT Web-Rip Daul Audio [Hindi DDP],30,-1003251791991
Show Time 2025 AMZN WEB DL Multi DDP2 0 H 264 PrimeFix,29,-1003251791991
Show Time 2025 AMZN WEB DL Multi DDP2 0 H 265,28,-1003251791991
Show Time (2025) UNCUT Web-Rip [Hindi 2 0 Telugu 5 1] ESubs,27,-1003251791991
Show Time 2025 HEVC WEB DL Hindi 2 0 Telugu 5 1 ESubs,26,-1003251791991
Zebra 2024 HDRip x264 ESubs Dual Audio Hindi ORG,25,-1003251791991
Zebra 2024 AHA WEB DL Hindi TVDL DDP2 0 Telugu DDP,23,-1003251791991
Zebra 2024 UNCUT 10Bit DS WEB DL Hindi 2 0 Telugu 5 1 HEVC,22,-1003251791991
Zebra 2024 AHA WEBRip Hindi TVDL DDP2 0 Telugu,21,-1003251791991
Show Time (2025) UNCUT Web-Rip [Hindi 2 0 Telugu 5 1] ESubs,20,-1003251791991
Show Time (2025) UNCUT Web-Rip [Hindi 2 0 Telugu 5 1] ESubs,19,-1003251791991
Show Time 2025 HEVC WEB DL Hindi 2 0 Telugu 5 1 ESubs,18,-1003251791991
Show Time 2025 AMZN WEB DL Multi DDP2 0 H 265,17,-1003251791991
Show Time 2025 DL Hindi 2.0 Telugu 5.1 ESub x26,16,-1003251791991
Show Time 2025 HEVC DL Hindi Telugu ESub x265,15,-1003251791991
Show Time 2025 UNCUT Rip Hindi ORG Telugu HEVC,14,-1003251791991
Show Time 2025 WEB-DL Hindi or Telugu ESub x264,13,-1003251791991
Zebra 2024 AHA WEB-DL Hindi TVDL DDP2.0 Telugu DDP5,12,-1003251791991
Zebra (2024) [Hindi + Telugu] Dual Audio UnCut ESubs,11,-1003251791991
Zebra (2024) UNCUT 10Bit DS WEB DL Hindi or Telugu ESubs,10,-1003251791991
Zebra (2024) [Hindi or Telugu] HEVC Dual Audio UnCut ESubs,9,-1003251791991
Zebra (2024) UNCUT DS WEB DL [Hindi or Telugu] ESubs,8,-1003251791991
Zebra 2024 WebRip x265 HEVC 10bit Hindi ESubs,7,-1003251791991
Mandala Murders 2025 S01 COMBINED ESubs,6,-1003251791991
Mandala Murders 2025 S01 COMBINED ESubs,5,-1003251791991
Mandala Murders 2025 S01 COMBINED ESubs,4,-1003251791991
Hi,2,-1003251791991
